{
    "width": 1920,
    "height": 1080,
    "intrinsic_matrix": [
        1366.513671875,
        0,
        0,
        0,
        1366.485107421875,
        0,
        960.0748291015625,
        544.9122314453125,
        1
    ]
}